epoch,time,train/loss,metrics/accuracy_top1,metrics/accuracy_top5,val/loss,lr/pg0,lr/pg1,lr/pg2
1,47.1704,1.43382,0.62881,0.99169,0.92348,0.000164912,0.000164912,0.0671825
2,91.4254,0.57053,0.76177,0.99723,0.71933,0.000326108,0.000326108,0.0340103
3,134.75,0.37693,0.81717,1,0.50982,0.000481804,0.000481804,0.000832681
4,177.942,0.35267,0.79778,1,0.69036,0.00047525,0.00047525,0.00047525
5,221.311,0.26409,0.79224,0.99723,0.6553,0.000467,0.000467,0.000467
6,265.011,0.23799,0.80332,1,0.52193,0.00045875,0.00045875,0.00045875
7,308.502,0.21629,0.74515,0.99446,0.77095,0.0004505,0.0004505,0.0004505
8,351.975,0.16212,0.79778,1,0.56734,0.00044225,0.00044225,0.00044225
9,395.13,0.16551,0.8144,1,0.50129,0.000434,0.000434,0.000434
10,438.484,0.11575,0.86427,1,0.44222,0.00042575,0.00042575,0.00042575
11,481.668,0.13941,0.76731,0.99723,1.14375,0.0004175,0.0004175,0.0004175
12,525.047,0.14178,0.79501,1,0.59045,0.00040925,0.00040925,0.00040925
13,568.443,0.12489,0.759,0.99723,0.76962,0.000401,0.000401,0.000401
14,611.727,0.11707,0.85042,1,0.43517,0.00039275,0.00039275,0.00039275
15,654.964,0.10828,0.78947,1,0.6071,0.0003845,0.0003845,0.0003845
16,698.31,0.07556,0.85319,1,0.4709,0.00037625,0.00037625,0.00037625
17,741.951,0.08426,0.76177,1,0.65349,0.000368,0.000368,0.000368
18,786.363,0.06391,0.85042,1,0.37074,0.00035975,0.00035975,0.00035975
19,830.998,0.07144,0.81717,1,0.45771,0.0003515,0.0003515,0.0003515
20,875.011,0.0566,0.80609,1,0.60746,0.00034325,0.00034325,0.00034325
21,918.801,0.07244,0.85873,1,0.54454,0.000335,0.000335,0.000335
22,962.86,0.08528,0.81163,0.99723,0.60114,0.00032675,0.00032675,0.00032675
23,1007.06,0.0643,0.82548,1,0.56461,0.0003185,0.0003185,0.0003185
24,1051.45,0.03752,0.83657,1,0.48827,0.00031025,0.00031025,0.00031025
25,1095.66,0.03833,0.80055,1,0.65992,0.000302,0.000302,0.000302
26,1139.44,0.03644,0.84765,1,0.49676,0.00029375,0.00029375,0.00029375
27,1183.45,0.05075,0.86704,1,0.39819,0.0002855,0.0002855,0.0002855
28,1227.22,0.04137,0.90582,1,0.2264,0.00027725,0.00027725,0.00027725
29,1271.23,0.02965,0.8892,1,0.28739,0.000269,0.000269,0.000269
30,1315.01,0.03422,0.9169,1,0.22999,0.00026075,0.00026075,0.00026075
31,1358.74,0.02627,0.87812,1,0.41187,0.0002525,0.0002525,0.0002525
32,1402.58,0.02639,0.8338,1,0.58485,0.00024425,0.00024425,0.00024425
33,1446.37,0.02441,0.85596,1,0.44442,0.000236,0.000236,0.000236
34,1490.13,0.02996,0.88366,1,0.42543,0.00022775,0.00022775,0.00022775
35,1533.94,0.04644,0.85042,1,0.48671,0.0002195,0.0002195,0.0002195
36,1577.5,0.01735,0.86704,1,0.37338,0.00021125,0.00021125,0.00021125
37,1621.05,0.03644,0.84765,1,0.44687,0.000203,0.000203,0.000203
38,1664.92,0.01634,0.86704,1,0.39125,0.00019475,0.00019475,0.00019475
39,1708.82,0.02883,0.87258,1,0.40791,0.0001865,0.0001865,0.0001865
40,1752.86,0.02042,0.85319,1,0.49218,0.00017825,0.00017825,0.00017825
41,1861.12,0.0197,0.86981,1,0.38551,0.00017,0.00017,0.00017
42,1967.67,0.02035,0.86981,1,0.37622,0.00016175,0.00016175,0.00016175
43,2072.19,0.02303,0.86981,1,0.43284,0.0001535,0.0001535,0.0001535
44,2178.71,0.02705,0.87812,1,0.32287,0.00014525,0.00014525,0.00014525
45,2280.53,0.01958,0.88643,1,0.31703,0.000137,0.000137,0.000137
46,2375.59,0.01857,0.89474,1,0.31526,0.00012875,0.00012875,0.00012875
47,2478.51,0.01789,0.87535,1,0.4294,0.0001205,0.0001205,0.0001205
48,2575.34,0.01856,0.86981,1,0.4551,0.00011225,0.00011225,0.00011225
49,2672.45,0.01955,0.87535,1,0.42967,0.000104,0.000104,0.000104
50,2794.82,0.00997,0.86704,1,0.42753,9.575e-05,9.575e-05,9.575e-05
